group,period,ew_mean,ew_std,ew_skew,ew_excess_kurtosis,vw_mean,vw_std,vw_skew,vw_excess_kurtosis
Developed,Crisis,-0.006323014982049881,0.0775387819865061,-0.5268347109553322,8.061584285457492,-0.037455367372009364,0.06417174254434606,-0.10332600610729151,5.670980466496866
Developed,Recovery,-0.021758004506522037,0.027953061406624003,-0.41787208266264403,0.9117308464728826,-0.04396274084457878,0.06979447010763952,-1.113716479995294,5.926494963189513
Emerging,Crisis,-0.036811585165126566,0.08699496916357878,-2.0945981165041463,9.01355196407559,0.009043889232102998,0.12797031709772325,-2.018903548485912,10.13617649078756
Emerging,Recovery,-0.051023824604881925,0.03862874088037623,-0.2773870531563086,0.10851904649879913,0.017592002724542335,0.06443416395156464,0.06669246930162581,-0.11727626546521301
