group,period,ew_mean,ew_median,ew_std,ew_min,ew_max,ew_skew,ew_excess_kurtosis,ew_autocorr,vw_mean,vw_median,vw_std,vw_min,vw_max,vw_skew,vw_excess_kurtosis,vw_autocorr
Developed,Crisis,-0.006323014982049881,0.00017891059426364012,0.0775387819865061,-0.2841158312389166,0.10173366767827381,-0.5268347109553322,8.061584285457492,-0.1412043133059168,-0.037455367372009364,-0.03485137019434762,0.06417174254434606,-0.2294361661431259,0.06735501178645356,-0.10332600610729151,5.670980466496866,-0.04911674962631768
Developed,Recovery,-0.021758004506522037,-0.021268237298849402,0.027953061406624003,-0.09881374629701356,0.038948570418621695,-0.41787208266264403,0.9117308464728826,-0.14213057934854376,-0.04396274084457878,-0.0389935254678339,0.06979447010763952,-0.29386318751620316,0.05820595005693878,-1.113716479995294,5.926494963189513,0.0749659255979432
Emerging,Crisis,-0.036811585165126566,-0.029772641747393563,0.08699496916357878,-0.3486259372436556,0.07850136570460096,-2.0945981165041463,9.01355196407559,-0.06567494993316943,0.009043889232102998,0.01431205005304433,0.12797031709772325,-0.44772305953006475,0.22082908457996145,-2.018903548485912,10.13617649078756,-0.34349227304647
Emerging,Recovery,-0.051023824604881925,-0.0536486457910674,0.03862874088037623,-0.13706166443151996,0.023054903890894107,-0.2773870531563086,0.10851904649879913,0.049101550775419965,0.017592002724542335,0.014814819399536534,0.06443416395156464,-0.10221857705585786,0.15532888562229383,0.06669246930162581,-0.11727626546521301,0.16339718478152745
