group,Crisis_avg_corr,Recovery_avg_corr
Developed,0.5821163140346812,0.5643982841902482
Emerging,0.5664657784876428,0.26910543178876195
